선택 직무,질문 구성,번호,질문,모범 답변
재무/회계,지원동기,1,지원자께서 우리 회사 재무 직무에 지원하게 된 특별한 동기가 있으신지 말씀해 주시겠어요?,
재무/회계,지원동기,2,많은 기업 중에서 굳이 우리 회사 재무팀에서 일하고 싶다고 생각하신 이유는 무엇인가요?,
재무/회계,지원동기,3,본인이 생각하기에 꼭 우리 회사에 와야만 하는 특별한 이유가 있나요?,
재무/회계,지원동기,4,우리 회사를 선택하신 이유를 조금 솔직하게 말씀해 주신다면 무엇일까요?,
재무/회계,지원동기,5,우리 회사에 입사하기 위해서 그동안 구체적으로 어떤 노력들을 해오셨나요?,
재무/회계,지원동기,6,지금 지원하신 그 직무에서 일하기 위해 본인은 어떤 준비를 해오셨나요?,
재무/회계,지원동기,7,수많은 회사 중에서 왜 하필 우리 회사에 지원하셨는지 궁금합니다.,
재무/회계,지원동기,8,"재무 업무가 참 정확성과 책임감이 필요한 일인데, 그럼에도 불구하고 이 일을 하고 싶으신 이유는 무엇인가요?",
재무/회계,지원동기,9,"우리 회사에서 근무하게 된다면, 앞으로 어떤 재무 담당자로 기억되고 싶으신가요?",
재무/회계,지원동기,10,"다른 좋은 회사들도 많은데, 그중에서 우리 회사를 선택하신 솔직한 이유를 말씀해 주시겠어요?",
재무/회계,지원동기,11,"자기소개서에 적은 내용 말고, 지금 이 자리에서 지원자분이 우리 회사를 선택한 진짜 이유를 딱 한 문장으로 말씀해 주실 수 있나요?",
재무/회계,지원동기,12,우리 회사의 핵심 가치나 비전 중에서 지원자분의 가치관과 가장 잘 맞는 부분은 무엇이었나요?,
재무/회계,지원동기,13,입사하신다면 우리 회사의 어떤 점이 본인의 성장에 가장 큰 도움이 될 거라고 생각해서 지원하셨나요?,
재무/회계,지원동기,14,"만약 오늘 면접에서 떨어지신다면, 다음 채용 때 우리 회사에 다시 지원하실 의향이 있으신가요? 그 이유는요?",
재무/회계,지원동기,15,본인의 강점이 우리 회사의 재무 건전성에 어떻게 기여할 수 있다고 생각해서 지원하게 되었나요?,
재무/회계,지원동기,16,본인이 가지고 있는 재무 철학이 우리 회사가 추구하는 미션이나 비전과 어떻게 연결된다고 생각해서 지원하셨나요?,
재무/회계,지원동기,17,"우리 회사에 입사하기 위해 오랜 기간 준비하셨을 텐데, 준비 과정에서 우리 회사에 대해 새롭게 알게 되거나 더 관심을 갖게 된 점이 있었나요?",
재무/회계,지원동기,18,"사실 회계 시스템이나 복지는 다 비슷비슷할 수도 있는데, 그런 조건을 떠나서 우리 회사만의 '이것' 때문에 지원했다 싶은 게 있으신가요?",
재무/회계,지원동기,19,"나중에 입사해서 일하다가 너무 힘들 때, '그래도 내가 이 회사를 선택하길 잘했어'라고 생각하게 만들 만한 우리 회사의 매력은 무엇이라고 생각하시나요?",
재무/회계,지원동기,20,"여러 회사에 지원하셨을 텐데, 만약 다른 곳에도 동시에 합격하신다면 망설임 없이 우리 회사를 선택하실 건가요?",
재무/회계,강점/약점,1,본인의 성격 중 가장 큰 장점은 무엇인지 말씀해 주시겠어요?,
재무/회계,강점/약점,2,본인이 생각하는 단점은 무엇이며 혹시 보완하고 있는 점이 있나요?,
재무/회계,강점/약점,3,본인은 어떤 성격을 가진 사람인지 간단하게 소개해 주시겠어요?,
재무/회계,강점/약점,4,"업무를 하다 보면 스트레스가 많이 쌓일 텐데, 평소에 본인만의 관리 방법이 따로 있으신가요?",
재무/회계,강점/약점,5,평소 생활에서 오랫동안 꾸준히 해온 활동이나 습관이 있다면 무엇인가요?,
재무/회계,강점/약점,6,숫자에 대한 감각이나 분석력에서 본인만이 가진 특별한 강점은 무엇이라고 생각하시나요?,
재무/회계,강점/약점,7,재무 프로젝트 중에 팀원들과 깊이 협업했던 구체적인 경험이 있다면 이야기해 주세요.,
재무/회계,강점/약점,8,"과거에 실수했던 경험이 있다면 이야기해 주시고, 그 일을 통해 무엇을 배우셨는지 말씀해 주세요.",
재무/회계,강점/약점,9,인생에서 가장 크게 실패했거나 좌절감을 느꼈던 경험은 무엇인가요?,
재무/회계,강점/약점,10,지원자분의 성실함이나 꾸준함을 증명할 수 있는 특별한 경험이 있을까요?,
재무/회계,강점/약점,11,건강이나 멘탈을 유지하기 위해 지키고 있는 본인만의 자기관리 루틴이 있으신가요?,
재무/회계,강점/약점,12,재무 담당자에게 가장 필요한 인성적 자질은 무엇이라고 생각하시나요?,
재무/회계,강점/약점,13,"전문적인 지식 외에, 재무 담당자로서 갖춰야 할 가장 중요한 역량은 무엇이라고 보시나요?",
재무/회계,강점/약점,14,본인의 강점을 실제 재무 현장에서 어떻게 발휘하여 업무에 기여할 수 있을지 말씀해 주시겠어요?,
재무/회계,강점/약점,15,자격증 준비나 재무 분석 활동 등 오랫동안 꾸준히 지속해온 활동이 있다면 소개해 주시겠어요?,
재무/회계,강점/약점,16,"타인과 갈등을 겪었던 상황을 예로 들고, 그때 본인은 어떤 방식으로 문제를 해결했는지 설명해 주시겠어요?",
재무/회계,강점/약점,17,지금까지 살면서 가장 큰 성취감이나 보람을 느꼈던 일은 무엇인가요?,
재무/회계,강점/약점,18,"팀 프로젝트나 조별 과제를 할 때, 본인은 주로 어떤 역할을 맡는 편인가요?",
재무/회계,강점/약점,19,"만약 직장 상사가 본인을 부정적으로 평가하거나 힘들게 한다면, 그 상황에 어떻게 대처하실 건가요?",
재무/회계,강점/약점,20,주변 사람들이 평가하는 본인의 장점과 단점을 각각 하나씩 말씀해 주시겠어요?,
재무/회계,직무관련1,1,재무와 회계의 차이점은 무엇이라고 생각하시나요?,
재무/회계,직무관련1,2,"재무제표 3가지를 말씀해주시고, 각각 어떤 정보를 제공하는지 설명해 주세요.",
재무/회계,직무관련1,3,우리 회사의 재무 건전성을 분석한다면 어떤 지표를 보시겠어요?,
재무/회계,직무관련1,4,재무 분석과 관리 회계 중 어느 쪽이 더 중요하다고 생각하시나요?,
재무/회계,직무관련1,5,자금 관리에서 가장 중요하게 생각해야 할 점은 무엇인가요?,
재무/회계,직무관련1,6,재무 비율 분석 시 어떤 지표를 우선적으로 확인하시나요?,
재무/회계,직무관련1,7,유동성 관리와 수익성 관리의 차이점에 대해 설명해 주시겠어요?,
재무/회계,직무관련1,8,재무 성과를 측정할 때 주로 어떤 KPI를 활용하시나요?,
재무/회계,직무관련1,9,비용 절감과 투자 확대 사이에서 어떻게 균형을 잡으시겠어요?,
재무/회계,직무관련1,10,예산 편성 시 어떤 방식으로 접근하시겠어요?,
재무/회계,직무관련1,11,현금흐름표에서 가장 중요한 항목은 무엇이라고 생각하시나요?,
재무/회계,직무관련1,12,재무 데이터를 분석할 때 주로 어떤 방법을 사용하시나요?,
재무/회계,직무관련1,13,재무 트렌드 중에서 앞으로 가장 주목해야 할 것은 무엇이라고 보시나요?,
재무/회계,직무관련1,14,재무제표를 분석하고 보고서를 작성해본 경험이 있으신가요?,
재무/회계,직무관련1,15,재무 계획을 수립할 때 가장 먼저 고려하시는 부분은 무엇인가요?,
재무/회계,직무관련1,16,IFRS(국제회계기준)에 대해 어느 정도 알고 계신가요?,
재무/회계,직무관련1,17,우리 회사의 재무 상태를 분석해보신 적 있으신가요?,
재무/회계,직무관련1,18,ERP나 회계 프로그램 중에서 사용해본 것이 있으신가요?,
재무/회계,직무관련1,19,"실패한 재무 전략 사례를 하나 말씀해주시고, 왜 실패했다고 생각하시나요?",
재무/회계,직무관련1,20,재무 업무 전 과정에서 담당자의 역할은 무엇이라고 보시나요?,
재무/회계,직무관련2,1,세무 조사가 나왔을 때 어떻게 대응하시겠어요?,
재무/회계,직무관련2,2,회계 오류를 발견했을 때 어떻게 처리하시겠어요?,
재무/회계,직무관련2,3,단기 이익과 장기 투자 중 어느 것이 더 중요하다고 보시나요?,
재무/회계,직무관련2,4,재무 리스크를 관리하기 위한 본인만의 방법이 있으신가요?,
재무/회계,직무관련2,5,부정 회계를 발견했을 때 어떻게 대응하시겠어요?,
재무/회계,직무관련2,6,재무 건전성을 판단하는 본인만의 기준이 있으신가요?,
재무/회계,직무관련2,7,내부 회계 관리와 외부 감사의 차이점에 대해 설명해 주시겠어요?,
재무/회계,직무관련2,8,마감 시즌에 업무가 폭주할 때 어떻게 대응하시겠어요?,
재무/회계,직무관련2,9,예산 대비 실적 차이가 클 때 어떤 방식으로 분석하시겠어요?,
재무/회계,직무관련2,10,정확성과 신속성 사이에서 어떻게 균형을 잡으시겠어요?,
재무/회계,직무관련2,11,타 부서의 재무 관련 질문에 어떻게 대응하시나요?,
재무/회계,직무관련2,12,세무 전략을 수립할 때 어떤 관점으로 접근하시나요?,
재무/회계,직무관련2,13,재무 업무에서 가장 중요한 단계는 무엇이라고 생각하시나요?,
재무/회계,직무관련2,14,정확한 재무 보고를 위해 실천하고 계신 것이 있나요?,
재무/회계,직무관련2,15,재무 자동화 시스템을 활용해본 경험이 있으신가요?,
재무/회계,직무관련2,16,회계 기준 변경이 있을 때 어떻게 대응하시겠어요?,
재무/회계,직무관련2,17,재무 담당자에게 가장 필요한 역량은 무엇이라고 생각하시나요?,
재무/회계,직무관련2,18,재무 목표를 달성해본 경험이 있으신가요? 어떻게 가능했나요?,
재무/회계,직무관련2,19,월결산과 연결산에서 가장 중요하게 생각하는 것은 무엇인가요?,
재무/회계,직무관련2,20,디지털 전환 시대에 재무 담당자의 역할이 어떻게 변화하고 있다고 보시나요?,
재무/회계,갈등/문제해결,1,팀원과 회계 처리 방법에 대한 의견 충돌이 있었던 경험과 해결 방법을 말씀해 주시겠어요?,
재무/회계,갈등/문제해결,2,결산 중 예상치 못한 오류가 발견되었을 때 어떻게 대처하시겠어요?,
재무/회계,갈등/문제해결,3,경영진의 요구가 회계 원칙에 어긋난다고 생각될 때 어떻게 하시나요?,
재무/회계,갈등/문제해결,4,세무 이슈가 발생했을 때 어떻게 대응하시겠어요?,
재무/회계,갈등/문제해결,5,여러 마감 업무가 동시에 몰렸을 때 우선순위를 어떻게 정하시나요?,
재무/회계,갈등/문제해결,6,타 부서에서 예산을 초과 요청할 때 어떻게 하시겠어요?,
재무/회계,갈등/문제해결,7,마감 기한이 촉박한데 데이터가 불완전하다면 어떻게 하시겠어요?,
재무/회계,갈등/문제해결,8,재무 개선을 성공적으로 이끈 구체적인 사례를 말씀해 주시겠어요?,
재무/회계,갈등/문제해결,9,자금 부족이 예상될 때 어떻게 대응하시겠어요?,
재무/회계,갈등/문제해결,10,부서 간 예산 배분에서 갈등이 있을 때 해결 방법은요?,
재무/회계,갈등/문제해결,11,본인의 분석이 틀렸을 때 어떻게 대처하시나요?,
재무/회계,갈등/문제해결,12,감사에서 지적사항이 나왔을 때 어떻게 개선하시겠어요?,
재무/회계,갈등/문제해결,13,회계 기준 해석에 대한 논란이 있을 때 어떻게 판단하시겠어요?,
재무/회계,갈등/문제해결,14,압박이 심한 상황에서 어떻게 감정을 관리하시나요?,
재무/회계,갈등/문제해결,15,실적이 예상보다 저조할 때 어떻게 동기부여를 유지하시나요?,
재무/회계,갈등/문제해결,16,약속한 보고 일정을 지키지 못하게 된 상황이라면 어떻게 하시겠어요?,
재무/회계,갈등/문제해결,17,프로젝트 리더 역할을 맡았을 때 갈등을 해결한 경험이 있나요?,
재무/회계,갈등/문제해결,18,"본인의 실수로 재무 오류가 발생한 경험이 있다면, 어떻게 수습하셨나요?",
재무/회계,갈등/문제해결,19,원칙과 현실 사이에서 갈등이 있을 때 어떻게 대응하시겠어요?,
재무/회계,갈등/문제해결,20,문제 해결 과정에서 가장 중요하게 생각하는 원칙은 무엇인가요?,
재무/회계,실패/극복,1,재무 업무에서 겪은 가장 큰 실패 경험과 그것을 극복한 과정을 말씀해 주시겠어요?,
재무/회계,실패/극복,2,재무 분석이 틀렸던 경험이 있나요? 원인은 무엇이었나요?,
재무/회계,실패/극복,3,재무 목표를 달성하지 못했을 때 어떻게 재기하셨나요?,
재무/회계,실패/극복,4,재무 실패로부터 배운 가장 중요한 교훈은 무엇인가요?,
재무/회계,실패/극복,5,포기하고 싶었던 순간을 이겨낸 경험이 있으신가요?,
재무/회계,실패/극복,6,예상과 다른 결과가 나왔을 때 어떻게 대응하시나요?,
재무/회계,실패/극복,7,부정적인 피드백을 받았을 때 어떻게 받아들이시나요?,
재무/회계,실패/극복,8,실패를 두려워하지 않기 위해 어떤 마인드셋을 가지고 계신가요?,
재무/회계,실패/극복,9,역경 속에서 성장한 경험을 구체적으로 말씀해 주시겠어요?,
재무/회계,실패/극복,10,실패 후 다시 도전했을 때 성공한 사례가 있나요?,
재무/회계,실패/극복,11,가장 힘들었던 시기를 어떻게 버텨내셨나요?,
재무/회계,실패/극복,12,실수를 인정하고 책임지는 것에 대해 어떻게 생각하시나요?,
재무/회계,실패/극복,13,본인의 한계를 느꼈던 순간과 극복 방법을 말씀해 주세요.,
재무/회계,실패/극복,14,같은 실수를 반복하지 않기 위해 어떤 노력을 하시나요?,
재무/회계,실패/극복,15,좌절감을 느꼈을 때 동기부여를 얻는 방법은 무엇인가요?,
재무/회계,실패/극복,16,실패 경험이 현재의 본인을 만드는 데 어떤 영향을 주었나요?,
재무/회계,실패/극복,17,계획이 틀어졌을 때 빠르게 회복하는 본인만의 방법이 있나요?,
재무/회계,실패/극복,18,실패를 성공의 밑거름으로 만든 구체적인 사례를 말씀해 주세요.,
재무/회계,실패/극복,19,지금까지의 실패 경험 중 가장 값진 배움을 준 것은 무엇인가요?,
재무/회계,실패/극복,20,앞으로 또 실패하게 된다면 어떻게 대처하실 건가요?,
재무/회계,목표,1,입사 후 1년 내에 달성하고 싶은 목표는 무엇인가요?,
재무/회계,목표,2,5년 후 재무 전문가로서 본인의 모습을 어떻게 그리고 계신가요?,
재무/회계,목표,3,재무 담당자로서 궁극적으로 이루고 싶은 것은 무엇인가요?,
재무/회계,목표,4,우리 회사에서 어떤 성과를 내고 싶으신가요?,
재무/회계,목표,5,커리어 목표를 달성하기 위해 현재 어떤 노력을 하고 계신가요?,
재무/회계,목표,6,본인만의 장기 커리어 플랜이 있으신가요?,
재무/회계,목표,7,"어떤 재무 전문가로 성장하고 싶으신가요? (예: CFO, 회계사 등)",
재무/회계,목표,8,10년 후에는 어떤 위치에 있고 싶으신가요?,
재무/회계,목표,9,입사 후 가장 먼저 도전해보고 싶은 재무 프로젝트는 무엇인가요?,
재무/회계,목표,10,본인의 목표와 우리 회사의 비전이 어떻게 연결되나요?,
재무/회계,목표,11,전문성을 키우기 위해 어떤 자격증이나 공부를 더 하고 싶으신가요?,
재무/회계,목표,12,롤모델이 있으신가요? 왜 그 사람을 롤모델로 삼으셨나요?,
재무/회계,목표,13,재무 분야에서 본인만의 강점을 살려 어떤 전문가가 되고 싶으신가요?,
재무/회계,목표,14,단기 목표와 장기 목표를 각각 말씀해 주시겠어요?,
재무/회계,목표,15,성공적인 커리어를 위해 가장 중요하다고 생각하는 것은 무엇인가요?,
재무/회계,목표,16,우리 회사에서 어떤 가치를 창출하고 싶으신가요?,
재무/회계,목표,17,목표 달성을 위해 희생할 수 있는 것과 없는 것은 무엇인가요?,
재무/회계,목표,18,퇴직할 때 어떤 재무 담당자로 기억되고 싶으신가요?,
재무/회계,목표,19,본인의 커리어에서 가장 중요하게 생각하는 가치는 무엇인가요?,
재무/회계,목표,20,앞으로 이 분야에서 어떤 영향력을 발휘하고 싶으신가요?,
